Designator,Footprint,Quantity,Value,LCSC Part #
"A1, A2",PinHeader_1x03_P2.54mm_cms,2,Conn_01x03,
C1,1206,1,100n,
C10,1206,1,100n,
C13,1206,1,100n,
C15,1206,1,100n,
C2,1206,1,100n,
C3,1206,1,100n,
C4,1206,1,100n,
C5,1206,1,100n,
C7,1206,1,100n,
C8,1206,1,100n,
GPS1,PinHeader_2x02_P2.54mm_Horizontal_mod,1,Conn_01x04,
JP2,PinHeader_1x03_P2.54mm_Vertical,1,Jumper_3_Bridged12,
Q1,SOT-23,1,IRLML6402,
R1,1206,1,22k,
R10,1206,1,220,
R11,1206,1,220,
R12,1206,1,220,
R13,1206,1,220,
R14,1206,1,220,
R15,1206,1,220,
R16,1206,1,220,
R17,1206,1,220,
R18,1206,1,220,
R19,1206,1,1K,
R2,1206,1,22k,
R3,1206,1,22k,
R4,1206,1,22k,
R5,1206,1,3k3,
R6,1206,1,3k3,
R7,1206,1,3k3,
R8,1206,1,3k3,
R9,1206,1,220,
RX1,PinHeader_2x04_P2.54mm_Horizontal_Mod,1,Conn_2Rows-07Pins,
RZ1,RP2040-Zero,1,RP2040-Zero-SMD,
"S0, S1, S2, S3, S4, S5, S6, S7, S8, S9",Pin_Header_Straight_1x03_Mod_Pitch2.54mm,10,Conn_01x03,
U1,SOT-223-3_TabPin2,1,L2940_5V,
U2,BMP280,1,BMP280,
