"Id";"Référence";"Empreinte";"Quantité";"Désignation";"Fournisseur et réf";
1;"R24,R21,R25,R22,R23,R26,R18,R20,R12";"R_1206_3216Metric_Pad1.30x1.75mm_HandSolder";9;"27K";;;
2;"J11";"Pin_Header_Straight_1x03_Mod_Pitch2.54mm";1;"RMP";;;
3;"J7";"JST_EH_B9B-EH-A_1x09_P2.50mm_Vertical";1;"8 INPUT ALARMS";;;
4;"U2";"BMP280";1;"BMP280";;;
5;"U1";"RP2040-Zero";1;"RP2040-Zero";;;
6;"U5,U4";"TSSOP-10_3x3mm_P0.5mm";2;"ADS1115IDGS";;;
7;"C2,C9,C1,C13,C15,C10,C6,C4,C5,C3,C7,C8";"C_1206_3216Metric_Pad1.33x1.80mm_HandSolder";12;"100n";;;
8;"J9,J1";"PinHeader_1x04_P2.54mm_Horizontal_Mod";2;"TLM/CRSF";;;
9;"R5,R13,R31,R29,R33,R30,R28,R32,R34,R27";"R_1206_3216Metric_Pad1.30x1.75mm_HandSolder";10;"10K";;;
10;"J6";"Pin_Header_Straight_1x03_Mod_Pitch2.54mm";1;"SBUS";;;
11;"R6";"R_1206_3216Metric_Pad1.30x1.75mm_HandSolder";1;"NC";;;
12;"R2";"R_1206_3216Metric_Pad1.30x1.75mm_HandSolder";1;"0";;;
13;"J2";"PinHeader_1x04_P2.54mm_Horizontal_Mod";1;"V1/V2";;;
14;"C11";"CAPPM7343X310N";1;"47uF";;;
15;"J5";"PinHeader_1x03_P2.54mm_Vertical";1;"SELECT_POWER";;;
16;"R1";"R_1206_3216Metric_Pad1.30x1.75mm_HandSolder";1;"27k";;;
17;"U3";"SOT-223-3_TabPin2";1;"A1117";;;
18;"R9,R10,R16,R11,R14,R15";"R_1206_3216Metric_Pad1.30x1.75mm_HandSolder";6;"10k";;;
19;"J8";"PinHeader_1x04_P2.54mm_Vertical";1;"MPU6050";;;
20;"JP1";"PinHeader_1x03_P2.54mm_Vertical";1;"SBUS2";;;
21;"J4";"PinHeader_1x04_P2.54mm_Horizontal_Mod";1;"GPS";;;
22;"R19";"R_1206_3216Metric_Pad1.30x1.75mm_HandSolder";1;"1K";;;
23;"J10";"PinHeader_1x04_P2.54mm_Horizontal_Mod";1;"SPARE";;;
24;"R17";"R_1206_3216Metric_Pad1.30x1.75mm_HandSolder";1;"220";;;
25;"R3,R4";"R_1206_3216Metric_Pad1.30x1.75mm_HandSolder";2;"47K";;;
26;"J3";"PinHeader_1x04_P2.54mm_Horizontal_Mod";1;"V3/V4";;;
27;"R7,R8";"R_1206_3216Metric_Pad1.30x1.75mm_HandSolder";2;"7.5K";;;
